,Channel,Peer,Function,Data Sent,Response,Is Success
0,channel0,supp1,createProduct,"{'id': '111111000001', 'name': 'Carcass Chicken', 'ingredients': ['Chicken'], 'halalCertificateId': '00111111000001', 'manufacturerName': 'Supp1'}","{'success': True, 'message': 'create Product is success'}",True
1,channel0,supp2,createProduct,"{'id': '222222000001', 'name': 'Carcass Chicken', 'ingredients': ['Chicken'], 'halalCertificateId': '00222222000001', 'manufacturerName': 'Supp2'}","{'success': True, 'message': 'create Product is success'}",True
2,channel0,supp3,createProduct,"{'id': '333333000001', 'name': 'Chicken Sausage', 'ingredients': ['Chicken', 'Salt', 'Garlic'], 'halalCertificateId': '00333333000001', 'manufacturerName': 'Supp3'}","{'success': True, 'message': 'create Product is success'}",True
3,channel0,supp1,createBatch,"{'id': '11111100000121010301', 'product': {'id': '111111000001', 'name': 'Carcass Chicken', 'ingredients': ['chicken'], 'HalalCertificateId': '00011111000001', 'Manufacturer Name': 'Supp1'}, 'qty': 1000, 'ingredients': []}","{'success': True, 'message': 'create Batch is success'}",True
4,channel0,supp2,createBatch,"{'id': '22222200000121010301', 'product': {'id': '222222000001', 'name': 'Carcass Chicken', 'ingredients': ['chicken'], 'HalalCertificateId': '00022222000001', 'Manufacturer Name': 'Supp2'}, 'qty': 1500, 'ingredients': []}","{'success': True, 'message': 'create Batch is success'}",True
5,channel0,supp3,createBatch,"{'id': '33333300000121010501', 'product': {'id': '333333000001', 'name': 'Chicken Sausage', 'ingredients': ['Chicken', 'Salt', 'Garlic'], 'HalalCertificateId': '00033333000001', 'Manufacturer Name': 'Supp3'}, 'qty': 2000, 'ingredients': ['22222200000121012000']}","{'success': True, 'message': 'create Batch is success'}",True
6,channel1,supp1,createInvoice,"{'id': '111111210105001', 'buyerId': '444444', 'items': [{'batchId': '11111100000121010301', 'qty': 100}]}","{'success': True, 'message': 'create Invoice is success'}",True
7,channel2,supp2,createInvoice,"{'id': '222222210105001', 'buyerId': '555555', 'items': [{'batchId': '22222200000121010301', 'qty': 1000}]}","{'success': True, 'message': 'create Invoice is success'}",True
8,channel3,supp2,createInvoice,"{'id': '222222210105002', 'buyerId': '333333', 'items': [{'batchId': '22222200000121010301', 'qty': 500}]}","{'success': True, 'message': 'create Invoice is success'}",True
9,channel4,supp3,createInvoice,"{'id': '333333210107001', 'buyerId': '666666', 'items': [{'batchId': '33333300000121010501', 'qty': 800}]}","{'success': True, 'message': 'create Invoice is success'}",True
10,channel1,courier,createShipment,"{'id': '7777772101050001', 'invoices': [{'id': '111111210105001', 'items': [{'batchId': '11111100000121010301', 'qty': 100}]}], 'history': [{'date': '2021-05-01', 'time': '10:00', 'location': 'Pick up at origin'}, {'date': '2021-05-01', 'time': '11:00', 'location': 'Arrived at City A Facility'}, {'date': '2021-05-01', 'time': '12:00', 'location': 'Departed from City A Facility'}, {'date': '2021-05-02', 'time': '03:00', 'location': 'Arrived at City B Facility'}, {'date': '2021-05-02', 'time': '08:00', 'location': 'Departed from City B Facility'}, {'date': '2021-05-02', 'time': '10:00', 'location': 'Arrived at destination'}]}","{'success': True, 'message': 'create Shipment is success'}",True
11,channel2,courier,createShipment,"{'id': '7777772101050002', 'invoices': [{'id': '222222210105001', 'items': [{'batchId': '22222200000121010301', 'qty': 1000}]}, {'id': '222222210105002', 'items': [{'batchId': '22222200000121010301', 'qty': 500}]}], 'history': [{'date': '2021-05-01', 'time': '16:00', 'location': 'Pick up at origin'}, {'date': '2021-05-01', 'time': '17:00', 'location': 'Arrived at City A Facility'}, {'date': '2021-05-01', 'time': '18:00', 'location': 'Departed from City A Facility'}, {'date': '2021-05-01', 'time': '19:00', 'location': 'Arrived at destination (222222210105002)'}, {'date': '2021-05-01', 'time': '22:00', 'location': 'Arrived at City C Facility'}, {'date': '2021-05-02', 'time': '03:00', 'location': 'Departed from City C Facility'}, {'date': '2021-05-02', 'time': '03:00', 'location': 'Arrived at destination (222222210105001)'}]}","{'success': True, 'message': 'create Shipment is success'}",True
12,channel3,courier,createShipment,"{'id': '7777772101050002', 'invoices': [{'id': '222222210105001', 'items': [{'batchId': '22222200000121010301', 'qty': 1000}]}, {'id': '222222210105002', 'items': [{'batchId': '22222200000121010301', 'qty': 500}]}], 'history': [{'date': '2021-05-01', 'time': '16:00', 'location': 'Pick up at origin'}, {'date': '2021-05-01', 'time': '17:00', 'location': 'Arrived at City A Facility'}, {'date': '2021-05-01', 'time': '18:00', 'location': 'Departed from City A Facility'}, {'date': '2021-05-01', 'time': '19:00', 'location': 'Arrived at destination (222222210105002)'}, {'date': '2021-05-01', 'time': '22:00', 'location': 'Arrived at City C Facility'}, {'date': '2021-05-02', 'time': '03:00', 'location': 'Departed from City C Facility'}, {'date': '2021-05-02', 'time': '03:00', 'location': 'Arrived at destination (222222210105001)'}]}","{'success': True, 'message': 'create Shipment is success'}",True
13,channel4,courier,createShipment,"{'id': '7777772101070001', 'invoices': [{'id': '111111210107001', 'items': [{'batchId': '33333300000121010501', 'qty': 800}]}], 'history': [{'date': '2021-07-01', 'time': '10:00', 'location': 'Pick up at origin'}, {'date': '2021-07-01', 'time': '11:00', 'location': 'Arrived at City A Facility'}, {'date': '2021-07-01', 'time': '12:00', 'location': 'Departed from City A Facility'}, {'date': '2021-07-01', 'time': '18:00', 'location': 'Arrived at City C Facility'}, {'date': '2021-07-01', 'time': '19:00', 'location': 'Departed from City C Facility'}, {'date': '2021-07-01', 'time': '20:00', 'location': 'Arrived at destination'}]}","{'success': True, 'message': 'create Shipment is success'}",True
14,channel1,cust1,readShipment,7777772101050001,"{'success': True, 'message': 'read Shipment is success', 'data': {'id': '7777772101050001', 'invoices': [{'id': '111111210105001', 'items': [{'batchId': '11111100000121010301', 'qty': 100}]}], 'history': [{'date': '2021-05-01', 'time': '10:00', 'location': 'Pick up at origin'}, {'date': '2021-05-01', 'time': '11:00', 'location': 'Arrived at City A Facility'}, {'date': '2021-05-01', 'time': '12:00', 'location': 'Departed from City A Facility'}, {'date': '2021-05-02', 'time': '03:00', 'location': 'Arrived at City B Facility'}, {'date': '2021-05-02', 'time': '08:00', 'location': 'Departed from City B Facility'}, {'date': '2021-05-02', 'time': '10:00', 'location': 'Arrived at destination'}]}}",True
15,channel2,cust2,readShipment,7777772101050002,"{'success': True, 'message': 'read Shipment is success', 'data': {'id': '7777772101050002', 'invoices': [{'id': '222222210105001', 'items': [{'batchId': '22222200000121010301', 'qty': 1000}]}, {'id': '222222210105002', 'items': [{'batchId': '22222200000121010301', 'qty': 500}]}], 'history': [{'date': '2021-05-01', 'time': '16:00', 'location': 'Pick up at origin'}, {'date': '2021-05-01', 'time': '17:00', 'location': 'Arrived at City A Facility'}, {'date': '2021-05-01', 'time': '18:00', 'location': 'Departed from City A Facility'}, {'date': '2021-05-01', 'time': '19:00', 'location': 'Arrived at destination (222222210105002)'}, {'date': '2021-05-01', 'time': '22:00', 'location': 'Arrived at City C Facility'}, {'date': '2021-05-02', 'time': '03:00', 'location': 'Departed from City C Facility'}, {'date': '2021-05-02', 'time': '03:00', 'location': 'Arrived at destination (222222210105001)'}]}}",True
16,channel3,supp3,readShipment,7777772101050002,"{'success': True, 'message': 'read Shipment is success', 'data': {'id': '7777772101050002', 'invoices': [{'id': '222222210105001', 'items': [{'batchId': '22222200000121010301', 'qty': 1000}]}, {'id': '222222210105002', 'items': [{'batchId': '22222200000121010301', 'qty': 500}]}], 'history': [{'date': '2021-05-01', 'time': '16:00', 'location': 'Pick up at origin'}, {'date': '2021-05-01', 'time': '17:00', 'location': 'Arrived at City A Facility'}, {'date': '2021-05-01', 'time': '18:00', 'location': 'Departed from City A Facility'}, {'date': '2021-05-01', 'time': '19:00', 'location': 'Arrived at destination (222222210105002)'}, {'date': '2021-05-01', 'time': '22:00', 'location': 'Arrived at City C Facility'}, {'date': '2021-05-02', 'time': '03:00', 'location': 'Departed from City C Facility'}, {'date': '2021-05-02', 'time': '03:00', 'location': 'Arrived at destination (222222210105001)'}]}}",True
17,channel4,cust3,readShipment,7777772101070001,"{'success': True, 'message': 'read Shipment is success', 'data': {'id': '7777772101070001', 'invoices': [{'id': '111111210107001', 'items': [{'batchId': '33333300000121010501', 'qty': 800}]}], 'history': [{'date': '2021-07-01', 'time': '10:00', 'location': 'Pick up at origin'}, {'date': '2021-07-01', 'time': '11:00', 'location': 'Arrived at City A Facility'}, {'date': '2021-07-01', 'time': '12:00', 'location': 'Departed from City A Facility'}, {'date': '2021-07-01', 'time': '18:00', 'location': 'Arrived at City C Facility'}, {'date': '2021-07-01', 'time': '19:00', 'location': 'Departed from City C Facility'}, {'date': '2021-07-01', 'time': '20:00', 'location': 'Arrived at destination'}]}}",True
18,channel1,cust1,readInvoice,111111210105001,"{'success': True, 'message': 'read Invoice is success', 'data': {'id': '111111210105001', 'buyerId': '444444', 'items': [{'batchId': '11111100000121010301', 'qty': 100}]}}",True
19,channel2,cust2,readInvoice,222222210105001,"{'success': True, 'message': 'read Invoice is success', 'data': {'id': '222222210105001', 'buyerId': '555555', 'items': [{'batchId': '22222200000121010301', 'qty': 1000}]}}",True
20,channel3,supp3,readInvoice,222222210105002,"{'success': True, 'message': 'read Invoice is success', 'data': {'id': '222222210105002', 'buyerId': '333333', 'items': [{'batchId': '22222200000121010301', 'qty': 500}]}}",True
21,channel4,cust3,readInvoice,333333210107001,"{'success': True, 'message': 'read Invoice is success', 'data': {'id': '333333210107001', 'buyerId': '666666', 'items': [{'batchId': '33333300000121010501', 'qty': 800}]}}",True
22,channel0,cust1,readBatch,11111100000121010301,"{'success': True, 'message': 'read Batch is success', 'data': {'id': '11111100000121010301', 'product': {'id': '111111000001', 'name': 'Carcass Chicken', 'ingredients': ['chicken'], 'HalalCertificateId': '00011111000001', 'Manufacturer Name': 'Supp1'}, 'qty': 1000, 'ingredients': []}}",True
23,channel0,cust2,readBatch,22222200000121010301,"{'success': True, 'message': 'read Batch is success', 'data': {'id': '22222200000121010301', 'product': {'id': '222222000001', 'name': 'Carcass Chicken', 'ingredients': ['chicken'], 'HalalCertificateId': '00022222000001', 'Manufacturer Name': 'Supp2'}, 'qty': 1500, 'ingredients': []}}",True
24,channel0,supp3,readBatch,22222200000121010301,"{'success': True, 'message': 'read Batch is success', 'data': {'id': '22222200000121010301', 'product': {'id': '222222000001', 'name': 'Carcass Chicken', 'ingredients': ['chicken'], 'HalalCertificateId': '00022222000001', 'Manufacturer Name': 'Supp2'}, 'qty': 1500, 'ingredients': []}}",True
25,channel0,cust3,readBatch,33333300000121010501,"{'success': True, 'message': 'read Batch is success', 'data': {'id': '33333300000121010501', 'product': {'id': '333333000001', 'name': 'Chicken Sausage', 'ingredients': ['Chicken', 'Salt', 'Garlic'], 'HalalCertificateId': '00033333000001', 'Manufacturer Name': 'Supp3'}, 'qty': 2000, 'ingredients': ['22222200000121012000']}}",True
26,channel0,cust1,readProduct,111111000001,"{'success': True, 'message': 'read Product is success', 'data': {'id': '111111000001', 'name': 'Carcass Chicken', 'ingredients': ['Chicken'], 'halalCertificateId': '00111111000001', 'manufacturerName': 'Supp1'}}",True
27,channel0,cust2,readProduct,222222000001,"{'success': True, 'message': 'read Product is success', 'data': {'id': '222222000001', 'name': 'Carcass Chicken', 'ingredients': ['Chicken'], 'halalCertificateId': '00222222000001', 'manufacturerName': 'Supp2'}}",True
28,channel0,supp3,readProduct,222222000001,"{'success': True, 'message': 'read Product is success', 'data': {'id': '222222000001', 'name': 'Carcass Chicken', 'ingredients': ['Chicken'], 'halalCertificateId': '00222222000001', 'manufacturerName': 'Supp2'}}",True
29,channel0,cust3,readProduct,333333000001,"{'success': True, 'message': 'read Product is success', 'data': {'id': '333333000001', 'name': 'Chicken Sausage', 'ingredients': ['Chicken', 'Salt', 'Garlic'], 'halalCertificateId': '00333333000001', 'manufacturerName': 'Supp3'}}",True
30,channel2,cust1,readShipment,7777772101050002,"{'success': False, 'message': 'DiscoveryService: channel2 error: access denied'}",False
31,channel3,cust2,readShipment,7777772101050002,"{'success': False, 'message': 'DiscoveryService: channel3 error: access denied'}",False
32,channel4,supp3,readShipment,7777772101070001,"{'success': False, 'message': ""error in simulation: transaction returned with failure: Error: Forbidden action: supplier role can't execute readShipment""}",False
33,channel1,cust3,readShipment,7777772101050001,"{'success': False, 'message': 'DiscoveryService: channel1 error: access denied'}",False
34,channel2,cust1,readInvoice,222222210105001,"{'success': False, 'message': 'DiscoveryService: channel2 error: access denied'}",False
35,channel3,cust2,readInvoice,222222210105002,"{'success': False, 'message': 'DiscoveryService: channel3 error: access denied'}",False
36,channel4,supp3,readInvoice,333333210107001,"{'success': True, 'message': 'read Invoice is success', 'data': {'id': '333333210107001', 'buyerId': '666666', 'items': [{'batchId': '33333300000121010501', 'qty': 800}]}}",True
37,channel1,cust3,readInvoice,111111210105001,"{'success': False, 'message': 'DiscoveryService: channel1 error: access denied'}",False
38,channel0,cust1,readBatch,22222200000121010301,"{'success': True, 'message': 'read Batch is success', 'data': {'id': '22222200000121010301', 'product': {'id': '222222000001', 'name': 'Carcass Chicken', 'ingredients': ['chicken'], 'HalalCertificateId': '00022222000001', 'Manufacturer Name': 'Supp2'}, 'qty': 1500, 'ingredients': []}}",True
39,channel0,cust2,readBatch,22222200000121010301,"{'success': True, 'message': 'read Batch is success', 'data': {'id': '22222200000121010301', 'product': {'id': '222222000001', 'name': 'Carcass Chicken', 'ingredients': ['chicken'], 'HalalCertificateId': '00022222000001', 'Manufacturer Name': 'Supp2'}, 'qty': 1500, 'ingredients': []}}",True
40,channel0,supp3,readBatch,33333300000121010501,"{'success': True, 'message': 'read Batch is success', 'data': {'id': '33333300000121010501', 'product': {'id': '333333000001', 'name': 'Chicken Sausage', 'ingredients': ['Chicken', 'Salt', 'Garlic'], 'HalalCertificateId': '00033333000001', 'Manufacturer Name': 'Supp3'}, 'qty': 2000, 'ingredients': ['22222200000121012000']}}",True
41,channel0,cust3,readBatch,11111100000121010301,"{'success': True, 'message': 'read Batch is success', 'data': {'id': '11111100000121010301', 'product': {'id': '111111000001', 'name': 'Carcass Chicken', 'ingredients': ['chicken'], 'HalalCertificateId': '00011111000001', 'Manufacturer Name': 'Supp1'}, 'qty': 1000, 'ingredients': []}}",True
42,channel0,cust1,readProduct,222222000001,"{'success': True, 'message': 'read Product is success', 'data': {'id': '222222000001', 'name': 'Carcass Chicken', 'ingredients': ['Chicken'], 'halalCertificateId': '00222222000001', 'manufacturerName': 'Supp2'}}",True
43,channel0,cust2,readProduct,222222000001,"{'success': True, 'message': 'read Product is success', 'data': {'id': '222222000001', 'name': 'Carcass Chicken', 'ingredients': ['Chicken'], 'halalCertificateId': '00222222000001', 'manufacturerName': 'Supp2'}}",True
44,channel0,supp3,readProduct,333333000001,"{'success': True, 'message': 'read Product is success', 'data': {'id': '333333000001', 'name': 'Chicken Sausage', 'ingredients': ['Chicken', 'Salt', 'Garlic'], 'halalCertificateId': '00333333000001', 'manufacturerName': 'Supp3'}}",True
45,channel0,cust3,readProduct,111111000001,"{'success': True, 'message': 'read Product is success', 'data': {'id': '111111000001', 'name': 'Carcass Chicken', 'ingredients': ['Chicken'], 'halalCertificateId': '00111111000001', 'manufacturerName': 'Supp1'}}",True
